pitch_mean,pitch_std,pitch_median,pitch_p5,pitch_p95,mfcc_1_mean,mfcc_2_mean,mfcc_3_mean,mfcc_4_mean,mfcc_5_mean,mfcc_6_mean,mfcc_7_mean,mfcc_8_mean,mfcc_9_mean,mfcc_10_mean,mfcc_11_mean,mfcc_12_mean,mfcc_13_mean,mfcc_1_std,mfcc_2_std,mfcc_3_std,mfcc_4_std,mfcc_5_std,mfcc_6_std,mfcc_7_std,mfcc_8_std,mfcc_9_std,mfcc_10_std,mfcc_11_std,mfcc_12_std,mfcc_13_std,zcr_mean,zcr_std,rms_mean,rms_std,spectral_centroid_mean,spectral_centroid_std,spectral_bandwidth_mean,spectral_bandwidth_std,spectral_rolloff_mean,spectral_rolloff_std,subject_id,filename,label,label_name
169.38401651340672,79.85931431004096,169.56576906952336,65.0,372.73052518580073,-552.7260131835938,101.99032592773438,48.216739654541016,35.23981857299805,3.04775333404541,-15.917451858520508,-3.863285779953003,0.8185421228408813,-3.032015085220337,2.8187415599823,-2.563434600830078,3.401662826538086,-2.204031229019165,87.05598449707031,40.6455078125,26.86428451538086,18.673351287841797,16.012649536132812,22.14967918395996,11.074068069458008,9.344773292541504,11.73650074005127,9.558011054992676,10.827048301696777,9.010037422180176,10.699005126953125,0.07963878525299922,0.09629494034502308,0.00518553564324975,0.005588611122220755,1967.7395480884602,1212.9862677277808,2489.0975583407107,657.707087882726,4327.4738323577785,2586.660395689384,ID00,ID00_hc_0_0_0.wav,0,HC
139.29050709914102,81.2754673254206,163.31805675373505,65.0,246.82895144713498,-454.9784240722656,50.743324279785156,33.27690505981445,26.749963760375977,13.757915496826172,4.7422356605529785,-0.4670351445674896,-1.487587809562683,-2.428579092025757,-2.019047975540161,0.886070966720581,1.1085745096206665,0.19894833862781525,115.20067596435547,45.87131881713867,26.857633590698242,23.567373275756836,16.13323974609375,14.590987205505371,11.903233528137207,10.512925148010254,11.21630573272705,10.941917419433594,8.752856254577637,9.454170227050781,9.761917114257812,0.11302973980505031,0.13213484148266932,0.01117305364459753,0.015481523238122463,2646.7634582287574,1587.0954927009266,2784.2123451689504,459.680918466649,5781.981703814338,2227.471281637807,ID01,ID01_hc_0_0_0.wav,0,HC
127.96765085255424,91.11800575898906,110.26826457284977,65.0,442.34692369444497,-516.338623046875,96.68272399902344,28.0507755279541,30.257274627685547,13.839349746704102,-3.8338332176208496,0.7629861235618591,-2.0321407318115234,-12.294336318969727,1.2454681396484375,2.07957124710083,2.4070022106170654,-1.5577059984207153,93.16091918945312,51.59339141845703,29.253440856933594,23.01466941833496,17.13759422302246,15.868948936462402,11.108087539672852,12.547323226928711,14.0479097366333,9.449978828430176,10.265584945678711,8.733661651611328,9.001506805419922,0.10186918748790634,0.10097322334951352,0.0045917523093521595,0.004722075071185827,2284.54535268495,1278.0801607502722,2552.147162800331,655.2834259664962,5022.369630417957,2501.8819844321765,ID03,ID03_hc_0_0_0.wav,0,HC
162.13473125068725,82.13496882933264,172.03287745224506,65.0,277.77836684961926,-492.587158203125,88.66398620605469,24.657602310180664,22.455760955810547,10.056204795837402,-0.7173340320587158,-5.9579949378967285,-8.592659950256348,0.3806246817111969,-1.5691808462142944,-1.767739176750183,7.176538467407227,1.3029667139053345,115.71678924560547,48.671165466308594,36.91975784301758,20.375228881835938,14.152857780456543,16.769250869750977,13.215968132019043,14.292006492614746,10.688499450683594,10.760008811950684,11.376269340515137,8.38503360748291,11.281280517578125,0.11319905095056114,0.1278683201991816,0.007266130298376083,0.007239604834467173,2369.4002951632497,1554.2935367124453,2508.8617996397775,614.3476057171447,4863.416424919577,2480.5355988586334,ID05,ID05_hc_0_0_0.wav,0,HC
174.0350330817586,76.76742814932675,180.68936857950385,65.0,277.05613042340593,-549.108642578125,91.394287109375,32.50346374511719,22.077260971069336,0.7162137627601624,-0.5770836472511292,3.6087026596069336,-5.689249038696289,-2.4929628372192383,2.161141872406006,-0.7392041683197021,4.830333709716797,-3.8583390712738037,102.9334487915039,45.498046875,30.980358123779297,21.973350524902344,19.488813400268555,19.157127380371094,14.82406234741211,14.784698486328125,11.39074993133545,9.467233657836914,8.744604110717773,7.672955513000488,9.34576416015625,0.09134770915973298,0.10504178237374055,0.0055550443939864635,0.007180959917604923,2182.7662450045777,1270.8614431241388,2512.4226973554546,635.9495402490661,4747.317126956148,2514.130960382886,ID08,ID08_hc_0_0_0.wav,0,HC
181.5916294397787,72.13276690132376,166.65273064969477,117.84127594565435,432.24370599424964,-525.0791625976562,78.70756530761719,26.5731143951416,19.227764129638672,14.466751098632812,0.6201039552688599,-2.4453001022338867,0.200450599193573,1.3146792650222778,-10.759308815002441,-1.6167672872543335,7.1651434898376465,-1.9656230211257935,120.29943084716797,40.42294692993164,27.69472885131836,20.16602897644043,15.987198829650879,15.089675903320312,14.999480247497559,12.842540740966797,10.500006675720215,13.03373908996582,9.784502029418945,8.062934875488281,12.753183364868164,0.10299238553357198,0.11484338460404075,0.006267380900681019,0.007466591894626617,2483.717889117671,1379.2713779158046,2761.9314392295973,563.140835357871,5412.54643773885,2467.7079805092158,ID09,ID09_hc_0_0_0.wav,0,HC
220.00074369058618,80.30992333092158,200.48740730303228,119.9011051661721,437.26613593193156,-497.32958984375,86.63519287109375,20.17257308959961,16.742155075073242,1.9816868305206299,2.0959997177124023,0.9672659635543823,1.677691102027893,0.34602540731430054,-3.4837770462036133,-0.8660255670547485,-3.6381475925445557,-3.812361001968384,106.9299087524414,44.516571044921875,29.425941467285156,24.283592224121094,17.992259979248047,13.309603691101074,13.579058647155762,12.541775703430176,11.140471458435059,12.502796173095703,8.086869239807129,8.22249984741211,10.16788387298584,0.09350944967830882,0.11418148452435616,0.007888192310929298,0.009241227060556412,2222.231871707599,1376.8991824791553,2455.0364822598062,616.779536837397,4562.026580716065,2370.5729427386614,ID10,ID10_hc_0_0_0.wav,0,HC
216.28292935917253,73.15928374180803,200.48740730303228,122.70366064862014,432.24370599424964,-593.0144653320312,88.4555892944336,29.411582946777344,17.65005111694336,12.603437423706055,6.028919696807861,6.186105728149414,-2.7555718421936035,-3.6255030632019043,-3.484191656112671,1.6825313568115234,5.635684967041016,-1.498818278312683,109.71565246582031,45.32390213012695,28.66057586669922,21.667829513549805,14.860754013061523,15.773087501525879,12.454444885253906,13.900477409362793,10.34366226196289,11.142033576965332,9.186664581298828,7.893213272094727,11.157968521118164,0.09923069248258513,0.12496632818323891,0.002999782795086503,0.0034257147926837206,2430.5225769246917,1501.8857553673104,2689.0479339653352,572.5884513946373,5322.434482633514,2369.794138471144,ID11,ID11_hc_0_0_0.wav,0,HC
191.4888148811899,96.44740379228598,192.54268179725335,65.0,437.26613593193156,-525.410400390625,86.373291015625,18.572370529174805,22.95939826965332,6.775228977203369,2.8609580993652344,1.3924394845962524,-2.5352368354797363,1.762994647026062,-5.017759323120117,0.4539198875427246,2.6608526706695557,2.0513410568237305,122.955322265625,47.84308624267578,37.07742691040039,25.451690673828125,15.803364753723145,17.428382873535156,14.210256576538086,15.753440856933594,11.295409202575684,12.708694458007812,9.535107612609863,9.033207893371582,9.883650779724121,0.10765486678840944,0.13013406995345234,0.005586855113506317,0.006380580365657806,2425.421578689901,1519.2913055986257,2526.4120592616196,608.0948771553672,4999.403102626741,2354.528014359582,ID12,ID12_hc_0_0_0.wav,0,HC
169.13189716222874,86.11324511897449,152.82122781686914,65.0,439.7991928883532,-587.5017700195312,84.95429992675781,36.793128967285156,14.624878883361816,16.55784034729004,1.1385685205459595,5.694390296936035,4.407822608947754,-0.01053338311612606,0.987157940864563,-0.9141598343849182,2.616276502609253,-2.1940057277679443,100.93692779541016,37.877933502197266,26.142011642456055,18.74513053894043,15.623318672180176,14.43064022064209,11.809168815612793,10.658763885498047,11.18246078491211,10.883853912353516,11.296100616455078,9.268492698669434,9.00411319732666,0.1038975198940596,0.13398769424510887,0.003362833522260189,0.004262090660631657,2611.355948045294,1519.5522574564923,2918.5080862370082,503.7102112230069,5917.089220171004,2374.9576652093024,ID14,ID14_hc_0_0_0.wav,0,HC
167.3445671338672,79.69006221831735,151.9410423129619,65.0,442.34692369444497,-426.97784423828125,83.3155746459961,16.747650146484375,9.616302490234375,7.050246238708496,4.999439716339111,-9.203620910644531,-7.446287631988525,-2.5943188667297363,-1.5101045370101929,1.7469149827957153,-1.9123032093048096,-2.9830262660980225,128.5233154296875,52.44815444946289,33.67506790161133,23.783878326416016,21.417558670043945,14.758389472961426,20.27784538269043,14.561433792114258,12.979018211364746,11.22497272491455,9.312206268310547,8.619977951049805,9.69158935546875,0.13009445143188855,0.1423823690935731,0.015518395230174065,0.01610764116048813,2527.1487615041647,1570.6648263428776,2521.1237501836836,648.4241376761651,5093.227535283233,2704.7581393412547,ID15,ID15_hc_0_0_0.wav,0,HC
165.80852733584138,80.56528680787773,155.04471038810811,65.0,434.37207396265836,-488.9352722167969,80.91502380371094,37.12145233154297,24.936861038208008,4.069521903991699,-2.313520669937134,-2.982887029647827,-0.23072601854801178,-6.547685146331787,-1.8337286710739136,0.9046512842178345,2.1940577030181885,-4.783379077911377,109.94728088378906,48.88115310668945,24.185306549072266,23.705812454223633,16.551708221435547,15.280200958251953,13.955069541931152,12.000828742980957,14.503551483154297,12.548312187194824,8.994584083557129,8.360219955444336,12.03708553314209,0.10666734441515092,0.12271844384295477,0.009032920002937317,0.00983982440084219,2431.4709405789204,1450.871371449871,2643.1599303757785,585.4540433280091,5114.0815758483695,2645.75875592513,ID19,ID19_hc_0_0_0.wav,0,HC
140.78548485901155,76.22544256988458,146.76537262479704,65.0,222.51914002777897,-526.6019287109375,78.34191131591797,30.6722412109375,21.13818359375,10.086475372314453,3.803154706954956,2.390235662460327,1.8396177291870117,-7.8404860496521,1.2892177104949951,5.064940452575684,2.9025766849517822,-1.4827642440795898,103.00025939941406,44.29140090942383,26.26006507873535,20.567745208740234,15.71773910522461,14.862282752990723,14.039750099182129,11.233909606933594,14.153735160827637,11.139158248901367,9.023642539978027,8.638116836547852,9.277806282043457,0.09629174577931501,0.11396462954357485,0.0051389411091804504,0.00565006909891963,2552.5223104266533,1434.0176312412536,2756.7616003773023,493.0219083863219,5443.64208304107,2361.9319395747343,ID21,ID21_hc_0_0_0.wav,0,HC
142.0744637272064,80.1694884768304,158.21045677717683,65.0,227.65433896553014,-519.344970703125,80.05319213867188,31.503616333007812,20.89300537109375,10.601790428161621,7.641252517700195,3.0347909927368164,-0.3857862055301666,-2.5688605308532715,-2.966857671737671,-2.0070877075195312,3.4943175315856934,-4.859707355499268,117.48442077636719,40.54265213012695,26.533021926879883,23.672161102294922,18.75663185119629,15.674277305603027,15.292520523071289,12.785879135131836,13.115236282348633,13.276570320129395,11.059369087219238,8.420665740966797,11.574938774108887,0.09044125205592106,0.10114317355940797,0.007290421053767204,0.008708078414201736,2432.2549285333057,1255.4258095627547,2768.782536206054,525.6732497970587,5398.159024737568,2362.1858552829167,ID22,ID22_hc_0_0_0.wav,0,HC
107.6836253820244,53.29758227860682,68.07411798334074,65.0,192.4317853728347,-545.096923828125,87.854248046875,25.9681396484375,16.04591941833496,17.344507217407227,5.540698051452637,-9.379446029663086,0.8906487226486206,3.1021223068237305,0.22296279668807983,0.5620641112327576,6.105007648468018,2.3587255477905273,102.59525299072266,32.96841049194336,23.580852508544922,18.94029426574707,15.588565826416016,13.413450241088867,18.681625366210938,12.232881546020508,13.280617713928223,12.047329902648926,10.027547836303711,8.933513641357422,9.248931884765625,0.08640461735681114,0.08541580735864897,0.004827210213989019,0.007695202715694904,2237.9098967286045,1092.1457890799222,2650.0409386187416,535.9356805916866,4866.462239835285,2319.691310858135,ID22,ID22hc_0_0_0.wav,0,HC
148.6700152961381,78.44110578107801,160.04877373483913,65.0,249.6969657132611,-530.0042724609375,83.23119354248047,26.19557762145996,19.193368911743164,8.101715087890625,-1.6892248392105103,-3.9277665615081787,0.5222314596176147,-5.567535400390625,-1.6279102563858032,6.911652088165283,0.3971591591835022,4.2812981605529785,109.26156616210938,43.18818283081055,27.565153121948242,24.117000579833984,17.16904640197754,16.034215927124023,16.038585662841797,11.778401374816895,13.383330345153809,12.114472389221191,9.87818717956543,11.560096740722656,7.92294454574585,0.08513251620549536,0.10588011830662448,0.006643765605986118,0.008429114706814289,2198.07490961388,1210.14615506346,2577.523306283696,556.6731529290557,4800.112641042231,2307.75717598747,ID23,ID23_hc_0_0_0.wav,0,HC
144.38755768986425,87.32884199385313,151.06592630451914,65.0,290.159257083858,-519.0018310546875,65.95524597167969,26.6976375579834,25.335023880004883,12.857175827026367,0.2613844871520996,2.57798433303833,2.344923257827759,-0.35767632722854614,-0.36844494938850403,4.201070308685303,3.8922197818756104,2.8248586654663086,96.92179107666016,37.21458435058594,26.26835823059082,20.846250534057617,15.258134841918945,17.392602920532227,11.888910293579102,10.924038887023926,11.62857723236084,11.15341854095459,9.048192977905273,8.471440315246582,7.977636337280273,0.09832933738873839,0.10546737556434745,0.005665552336722612,0.008736883290112019,2456.590351878669,1334.1995632878982,2717.5279515391153,599.5316593588465,5305.726250332576,2466.1682098853503,ID25,ID25_hc_0_0_0.wav,0,HC
152.85220390555048,94.97426118733618,150.19585059339548,65.0,436.25874888316866,-509.17724609375,80.87808990478516,26.123931884765625,12.088456153869629,15.582047462463379,0.8031376004219055,-3.14282488822937,6.003942489624023,0.5008165240287781,4.466083526611328,-3.6368420124053955,4.3673601150512695,-2.445465564727783,111.12386322021484,39.52317428588867,24.897953033447266,19.60795783996582,14.508424758911133,13.34794807434082,15.363079071044922,10.447617530822754,11.942122459411621,11.619108200073242,13.198821067810059,8.128068923950195,11.452415466308594,0.09789585550503097,0.1184936506470667,0.00595890311524272,0.0071279811672866344,2390.3643594834434,1414.8405650879176,2686.9812810312965,502.4677794737062,5092.298374235076,2474.520642863666,ID26,ID26_hc_0_0_0.wav,0,HC
174.59569985724474,88.17519063505517,183.84776310850236,65.0,434.7476683100249,-531.2841796875,94.51469421386719,27.28411293029785,22.13275146484375,18.38724708557129,5.411643981933594,-4.871065616607666,-6.86562442779541,-5.474297046661377,-1.3889342546463013,-4.992493629455566,-3.1332521438598633,6.50552225112915,104.35270690917969,41.21575927734375,27.63768196105957,20.29018211364746,14.995101928710938,11.560531616210938,13.547891616821289,11.278727531433105,12.403646469116211,10.109923362731934,11.4249267578125,11.814611434936523,7.443087577819824,0.08914382981811146,0.10714303894436593,0.0062633962370455265,0.006894510705024004,2095.8509502157717,1233.245464817327,2544.5826877089644,538.9674920447483,4508.814402482827,2389.4883256557805,ID28,ID28_hc_0_0_0.wav,0,HC
205.26321816931994,86.2256385720582,214.87708272009507,65.0,434.7476683100249,-488.8567199707031,80.91465759277344,20.825679779052734,25.755218505859375,9.762956619262695,-3.2251815795898438,0.6131185293197632,2.3878376483917236,-3.2079708576202393,-7.195573329925537,-2.015172243118286,2.4007389545440674,-3.7792561054229736,126.87522888183594,41.0927619934082,30.701610565185547,23.53853416442871,17.955951690673828,16.07244873046875,14.13963508605957,12.43203353881836,12.365348815917969,10.84831428527832,10.95988655090332,8.852336883544922,11.641121864318848,0.0987788811556695,0.11174916944982378,0.010549814440310001,0.012007145211100578,2400.984914485992,1256.2744001931633,2649.5571237942613,553.4576387686499,5190.189448967807,2362.219143210222,ID31,ID31_hc_0_1_1.wav,0,HC
165.18942297454038,103.54476783395675,175.5454930018647,65.0,444.90941335495313,-543.2888793945312,93.77093505859375,42.190547943115234,31.111047744750977,6.557021617889404,1.7748583555221558,3.4750051498413086,-6.27529239654541,0.13811852037906647,1.0508078336715698,-2.4097671508789062,5.7154130935668945,-0.5730923414230347,100.8007583618164,37.461246490478516,26.292951583862305,19.2734317779541,18.243242263793945,15.781543731689453,12.523719787597656,16.961519241333008,11.049976348876953,10.488027572631836,10.247182846069336,7.51257848739624,10.938838958740234,0.07299559035168343,0.08388806599637204,0.00554769579321146,0.006630877032876015,2105.137176385039,1147.655808426816,2640.0934854945313,606.0927238335798,4845.729031872823,2428.4667751717784,ID35,ID35_hc_0_0_0.wav,0,HC
171.92050695683997,129.62257723173684,130.0,65.0,437.26613593193156,-545.4923095703125,86.17156982421875,38.63850402832031,25.459280014038086,9.621896743774414,3.9285695552825928,-2.542585849761963,-4.428525924682617,-0.9012407660484314,-3.0735933780670166,2.2259206771850586,3.5270841121673584,0.6854100823402405,102.77923583984375,43.166053771972656,25.66497802734375,18.491273880004883,13.774715423583984,13.109527587890625,11.300654411315918,10.9257173538208,8.749670028686523,10.265249252319336,7.980666637420654,9.684067726135254,8.52830982208252,0.10669361031830496,0.11297612339930735,0.004349298309534788,0.006215594243258238,2471.8146313935526,1338.3484283336882,2769.121294819664,594.2339613147076,5644.611701138618,2358.8996724744065,ID36,ID36_hc_0_0_0.wav,0,HC
119.01835023340853,56.3790942747298,117.16256013940793,65.0,171.53602840047625,-448.0598449707031,69.53855895996094,35.00012969970703,29.069259643554688,6.529960632324219,8.809414863586426,-3.465614080429077,-2.4135851860046387,-5.356522560119629,-5.308516025543213,-2.723642110824585,8.604013442993164,-6.499188423156738,112.5464859008789,50.864444732666016,24.063674926757812,24.74199104309082,19.852264404296875,13.733134269714355,14.486323356628418,11.48106861114502,10.969939231872559,11.475751876831055,12.309869766235352,9.123828887939453,12.26415729522705,0.11499250193498452,0.12669617352236295,0.011859148740768433,0.013881109654903412,2528.8171354292176,1393.103915580198,2648.077235190774,529.6169547648087,5479.712698260328,2297.7571357304964,ID02,ID02_pd_2_0_0.wav,1,PD
109.26311158858071,75.29280180149442,100.24370365151614,65.0,153.61798374686313,-505.5814514160156,99.38152313232422,25.125293731689453,24.08346939086914,13.425947189331055,3.1226909160614014,-2.3065712451934814,2.193967342376709,-1.1992290019989014,-2.7464141845703125,3.316556930541992,2.8507981300354004,5.302432537078857,124.08553314208984,44.5582389831543,28.67959213256836,20.23160171508789,18.866540908813477,11.455744743347168,14.294574737548828,10.779290199279785,12.030020713806152,12.418472290039062,9.565720558166504,10.819269180297852,8.214701652526855,0.08829840787054953,0.09551740197016592,0.006498508155345917,0.007326989434659481,2194.2815461710475,1200.0340292252038,2583.8335090607716,616.5564173203222,4946.849253746009,2342.5280991054206,ID04,ID04_pd_2_0_1.wav,1,PD
144.18860797289722,100.3384715734729,124.12940850835416,65.0,444.90941335495313,-512.88427734375,87.83289337158203,33.30291748046875,27.542600631713867,9.907696723937988,8.003559112548828,2.772960901260376,-18.006790161132812,-2.4671859741210938,-1.9799729585647583,-12.597366333007812,9.320141792297363,-2.8550708293914795,122.95407104492188,36.81819534301758,22.26583480834961,18.117900848388672,14.652861595153809,11.36260986328125,11.48664379119873,19.396930694580078,11.112221717834473,10.367313385009766,19.28365707397461,10.356527328491211,13.442564010620117,0.08094811218072756,0.07750371540735738,0.00911610759794712,0.012130037881433964,2055.019438761091,974.2295695276027,2568.7387082980513,486.0501101912342,4699.725748068039,1985.2276421986849,ID06,ID06_pd_3_1_1.wav,1,PD
142.9497618690155,62.986926317408475,130.75308233882095,65.0,188.96243554392555,-569.7764892578125,99.51143646240234,40.563232421875,26.92549705505371,-1.7874916791915894,4.089575290679932,15.062678337097168,0.30106744170188904,-13.041715621948242,5.424193382263184,-4.505514144897461,-0.21149758994579315,6.074737071990967,103.6595458984375,46.045108795166016,21.852014541625977,18.145061492919922,21.541898727416992,18.03878402709961,9.760319709777832,12.101624488830566,18.771284103393555,9.84791374206543,11.916717529296875,9.128847122192383,7.982697010040283,0.07313561218072756,0.0949919971956796,0.005354512017220259,0.006376735866069794,1972.6403638864745,1155.6028107273999,2453.5198643114086,705.3073230928885,4669.159266232706,2398.4497639987935,ID07,ID07_pd_2_0_0.wav,1,PD
152.19027973621442,120.62017657876486,121.9969395672486,65.0,439.7991928883532,-480.6066589355469,44.28940200805664,30.881643295288086,23.03179168701172,18.397136688232422,16.912307739257812,7.554082870483398,5.898769378662109,7.0100483894348145,4.5373053550720215,4.319159984588623,3.8920040130615234,4.822500705718994,54.16250991821289,38.28700256347656,18.955795288085938,14.910513877868652,11.079706192016602,11.426450729370117,10.21714973449707,8.896929740905762,7.480788707733154,7.432780742645264,7.235712051391602,6.118441581726074,5.118605613708496,0.05185815202931501,0.06750078521268822,0.014035088941454887,0.027381928637623787,1982.1830721538768,1370.5332036354348,2605.4645290210656,860.8240073745716,4593.618056353401,3186.0946799519197,ID13,ID13_pd_3_2_2.wav,1,PD
220.78907721185504,85.10676408599053,208.75994928447787,65.0,437.26613593193156,-529.7960815429688,67.62845611572266,26.548398971557617,20.935422897338867,13.996274948120117,3.2450830936431885,3.467730760574341,-5.334075927734375,-4.299148082733154,-0.8636038899421692,-5.187237739562988,-0.6829596757888794,-4.027223587036133,114.98595428466797,37.62061309814453,25.712791442871094,20.935787200927734,16.142526626586914,17.00843620300293,11.777592658996582,13.389031410217285,11.444624900817871,9.972001075744629,11.538493156433105,8.491646766662598,13.082111358642578,0.08819088773461688,0.10774153413649122,0.009039951488375664,0.012520776130259037,2361.1967747641465,1286.9071381505298,2740.1311462061635,581.0429474978715,5295.6721444617115,2474.8463104848856,ID16,ID16_pd_2_0_0.wav,1,PD
145.14973213580453,73.3850010863316,160.04877373483913,65.0,241.19137040474044,-540.2177734375,93.38806915283203,34.66331100463867,24.71790885925293,12.193995475769043,-1.0530798435211182,-1.0440863370895386,0.819053053855896,-4.393502235412598,-3.3221447467803955,1.4785882234573364,3.6466174125671387,-0.13650427758693695,101.7153549194336,38.25465774536133,27.05423927307129,18.929988861083984,18.553197860717773,15.970959663391113,14.445241928100586,11.478955268859863,11.455155372619629,10.998259544372559,8.910882949829102,9.011819839477539,9.023882865905762,0.07464694091041021,0.07793309576592508,0.00545639730989933,0.0065733930096030235,2067.1424029284135,1085.1692520428023,2620.187633323439,600.1882436991079,4681.567524534999,2441.52078256389,ID17,ID17_pd_2_1_0.wav,1,PD
107.65500424805386,62.59850030006309,77.74624791293124,65.0,160.97592684906726,-596.1519165039062,89.94905853271484,43.52268600463867,27.71186637878418,21.76698875427246,4.649928569793701,1.041983962059021,1.9720991849899292,-0.6323455572128296,0.5615686774253845,4.821225166320801,8.301344871520996,-2.8213412761688232,90.3927001953125,30.268604278564453,17.504629135131836,17.176231384277344,15.282220840454102,13.831489562988281,12.657193183898926,12.451078414916992,9.635107040405273,11.614344596862793,9.3454008102417,7.739462375640869,9.813692092895508,0.060593548943014705,0.06645414840064921,0.003967877011746168,0.0053028324618935585,2080.21571748108,908.3246663905677,2835.8101877752106,439.28785492656596,5232.047529191055,2171.4389225046602,ID18,ID18_pd_4_3_3.wav,1,PD
109.39824835954224,63.63885956559978,108.37392178803432,65.0,162.84637702113662,-478.5799255371094,78.61506652832031,22.746231079101562,19.349130630493164,18.50355339050293,3.9034602642059326,4.717308521270752,2.775698661804199,-6.570699691772461,-0.18288381397724152,1.4540530443191528,3.873837471008301,0.4711347222328186,130.3681182861328,47.03958511352539,20.186492919921875,17.10529136657715,15.193046569824219,15.08760929107666,10.881682395935059,11.013986587524414,15.416938781738281,10.833003044128418,10.253629684448242,9.288127899169922,8.789523124694824,0.0719961632885062,0.07338469165056052,0.01580798625946045,0.02278922311961651,2041.307213278116,1110.5882124754635,2567.789889850631,658.5235733166442,4599.538853884482,2565.1149857269024,ID20,ID20_pd_3_0_1.wav,1,PD
127.90194022853554,72.56758743303875,122.70366064862014,65.0,180.27309090602657,-498.1609802246094,88.10137939453125,28.931659698486328,27.589426040649414,15.339101791381836,4.109230995178223,-5.48261022567749,7.160891532897949,-6.857491970062256,-1.5965137481689453,2.5094244480133057,2.237610340118408,3.827223300933838,99.0541763305664,47.49491882324219,25.605249404907227,18.955673217773438,17.687345504760742,14.892863273620605,18.76251220703125,10.233162879943848,14.144315719604492,12.148238182067871,11.68847370147705,9.99018669128418,8.184505462646484,0.08505088404605263,0.08999307244865368,0.008179135620594025,0.008875498548150063,2151.4424872225136,1259.7661448477168,2495.0033512002783,650.7391496392639,4633.717813875653,2608.3839428517936,ID24,ID24_pd_2_0_0.wav,1,PD
122.52746454447542,101.13720198942588,94.61745688474217,65.0,434.7476683100249,-486.0639953613281,104.04656219482422,34.397891998291016,27.556610107421875,17.814714431762695,4.490797519683838,0.1418766975402832,-7.663427352905273,-0.9124613404273987,-8.097858428955078,1.5616129636764526,2.1790037155151367,-3.418548583984375,112.7032241821289,43.59978485107422,23.09065055847168,18.42448616027832,16.360380172729492,12.062339782714844,12.963664054870605,12.50732421875,10.622185707092285,14.703524589538574,9.486857414245605,8.704925537109375,10.974686622619629,0.07511897131385449,0.07412172902501646,0.011596933007240295,0.01375135499984026,1973.2993994942944,1073.9450318328902,2561.3715659054956,649.897799026225,4410.535830093242,2675.963272754374,ID27,ID27_pd_4_1_1.wav,1,PD
103.42451968703689,78.90099654048515,66.51930297979037,65.0,172.75084038439226,-560.648681640625,94.31954193115234,40.3104248046875,19.52544593811035,7.8979902267456055,4.628338813781738,9.924160957336426,0.8762254118919373,-4.18037748336792,3.569105386734009,4.493219375610352,0.8604276180267334,3.1459624767303467,98.02210998535156,33.056026458740234,23.58757209777832,17.90765953063965,13.528629302978516,12.882413864135742,11.398357391357422,10.594376564025879,12.857674598693848,10.43857192993164,8.586503982543945,10.470890998840332,8.951515197753906,0.07485121027234908,0.0674613383155303,0.0045639281161129475,0.0067887380719184875,2196.298953034814,928.798251063462,2821.8965038263964,508.8054795951468,5360.580085305606,2227.120156846278,ID29,ID29_pd_3_1_2.wav,1,PD
191.3022339121627,73.65867872030184,209.96928336801093,65.0,283.532010492967,-465.1705322265625,71.85379028320312,35.1686897277832,9.541297912597656,13.644325256347656,3.9288737773895264,-6.562083721160889,-3.8564467430114746,-8.975115776062012,5.949410915374756,-5.690038681030273,0.07385915517807007,3.4125099182128906,101.97586822509766,49.729644775390625,26.823453903198242,26.02826690673828,15.039010047912598,16.766338348388672,13.65247917175293,11.786449432373047,16.667293548583984,11.015336990356445,13.407930374145508,9.654651641845703,9.416937828063965,0.1313790241631192,0.1541582952714434,0.012195950374007225,0.01296121347695589,2752.947068321074,1671.867998842288,2748.4266173849574,491.72265702718556,5607.611924871203,2581.7085929801638,ID30,ID30_pd_2_1_1.wav,1,PD
196.5797245992551,87.18270834825329,178.6139741695516,71.15605655746587,442.34692369444497,-407.0804443359375,96.20104217529297,4.862395763397217,26.48189353942871,24.920251846313477,-0.007836309261620045,-4.170822620391846,1.5868736505508423,1.2905397415161133,-1.797676920890808,-0.9053248167037964,3.7641072273254395,4.569462299346924,137.5769500732422,47.97460174560547,37.41111755371094,23.691930770874023,19.427539825439453,19.124671936035156,14.151724815368652,12.498769760131836,11.216445922851562,10.344207763671875,12.147597312927246,9.104571342468262,7.892296314239502,0.06126266810178019,0.05239555570370308,0.023739870637655258,0.023997874930500984,1821.321633822966,852.1619208852044,2286.854482382355,658.2552699791303,3955.542748040828,2143.4859227924117,ID32,ID32_pd_3_1_1.wav,1,PD
164.26902645491884,90.54672019327766,173.52918104210445,65.0,429.75416544019015,-502.2618103027344,73.90520477294922,38.069515228271484,24.494808197021484,8.185887336730957,1.9124329090118408,-6.8711042404174805,-4.208804607391357,0.5894767642021179,-6.610518455505371,-4.396416187286377,1.5691101551055908,-0.21654224395751953,89.62484741210938,30.951892852783203,15.222823143005371,13.282674789428711,12.552571296691895,10.76488971710205,13.232933044433594,11.120962142944336,8.65762710571289,12.347834587097168,12.580338478088379,8.439020156860352,8.448465347290039,0.07818282277960527,0.06458228212960551,0.009101303294301033,0.01496232021600008,2245.8090430841175,969.2783445858875,2803.697245113403,574.6958160009113,5415.258921336833,2301.1136637771015,ID33,ID33_pd_3_2_2.wav,1,PD
201.04712013762037,75.87741044698444,189.23491376948436,66.51930297979037,391.81653718338976,-486.9049072265625,102.07394409179688,18.5502872467041,16.016714096069336,16.38157081604004,-4.431705474853516,-15.947257995605469,1.262258768081665,3.867741823196411,-7.322545528411865,-5.512310981750488,6.106888294219971,-5.499851226806641,97.88672637939453,46.64773941040039,35.102874755859375,25.506568908691406,16.826826095581055,14.739947319030762,16.378604888916016,11.40998363494873,11.52237606048584,10.521656036376953,9.906740188598633,8.869111061096191,11.833693504333496,0.10657834268575851,0.11612416307248709,0.007907749153673649,0.007856843061745167,2220.9915654223682,1363.2907262737147,2426.502469319521,667.7141436237072,4516.681021581124,2567.0961443209444,ID34,ID34_pd_2_0_0.wav,1,PD
